-- phpMyAdmin SQL Dump
-- version 5.2.1
-- https://www.phpmyadmin.net/
--
-- Servidor: 127.0.0.1:3306
-- Tiempo de generación: 19-03-2024 a las 14:13:10
-- Versión del servidor: 10.11.7-MariaDB-cll-lve
-- Versión de PHP: 7.2.34

SET SQL_MODE = "NO_AUTO_VALUE_ON_ZERO";
START TRANSACTION;
SET time_zone = "+00:00";


/*!40101 SET @OLD_CHARACTER_SET_CLIENT=@@CHARACTER_SET_CLIENT */;
/*!40101 SET @OLD_CHARACTER_SET_RESULTS=@@CHARACTER_SET_RESULTS */;
/*!40101 SET @OLD_COLLATION_CONNECTION=@@COLLATION_CONNECTION */;
/*!40101 SET NAMES utf8mb4 */;

--
-- Base de datos: `u530705536_basededatos`
--

-- --------------------------------------------------------

--
-- Estructura de tabla para la tabla `detalle`
--

CREATE TABLE `detalle` (
  `id` int(11) NOT NULL,
  `idProyecto` int(11) DEFAULT NULL,
  `codigoMaterial` int(11) DEFAULT NULL,
  `cantidad` int(11) DEFAULT NULL,
  `fechaCreacion` timestamp NOT NULL DEFAULT current_timestamp(),
  `codigo` bigint(20) DEFAULT NULL
) ENGINE=InnoDB DEFAULT CHARSET=utf8mb4 COLLATE=utf8mb4_general_ci;

--
-- Volcado de datos para la tabla `detalle`
--

INSERT INTO `detalle` (`id`, `idProyecto`, `codigoMaterial`, `cantidad`, `fechaCreacion`, `codigo`) VALUES
(205, 95, 5001, 1, '2024-03-04 16:02:29', NULL),
(206, 95, 5052, 2, '2024-03-04 16:02:29', NULL),
(207, 95, 5208, 3, '2024-03-04 16:02:29', NULL),
(208, 95, 5360, 4, '2024-03-04 16:02:29', NULL),
(209, 95, 6284, 5, '2024-03-04 16:02:29', NULL),
(210, 95, 1000001, 0, '2024-03-04 16:02:29', NULL),
(211, 95, 1000002, 7, '2024-03-04 16:02:29', NULL),
(212, 96, 5001, 5, '2024-03-04 21:07:11', NULL),
(213, 96, 5002, 5, '2024-03-04 21:07:11', NULL),
(214, 96, 5303, 14, '2024-03-04 21:07:11', NULL),
(215, 96, 5304, 15, '2024-03-04 21:07:11', NULL),
(216, 96, 5305, 4, '2024-03-04 21:07:11', NULL),
(217, 96, 5982, 10, '2024-03-04 21:07:11', NULL),
(218, 96, 5020, 23, '2024-03-04 21:10:52', NULL),
(219, 96, 1000003, 23, '2024-03-04 21:12:49', NULL),
(220, 97, 5009, 111, '2024-03-04 21:32:59', NULL),
(221, 97, 5012, 1, '2024-03-04 21:32:59', NULL),
(222, 97, 5035, 1, '2024-03-04 21:32:59', NULL),
(223, 97, 5984, 0, '2024-03-04 21:33:29', NULL),
(224, 97, 5122, 1, '2024-03-04 21:37:28', NULL),
(225, 97, 5124, 1, '2024-03-04 21:37:28', NULL),
(226, 97, 6266, 1, '2024-03-04 21:37:28', NULL),
(227, 97, 5001, 1, '2024-03-04 21:37:28', NULL),
(228, 97, 5002, 1, '2024-03-04 21:37:28', NULL),
(229, 97, 5003, 1, '2024-03-04 21:37:28', NULL),
(230, 97, 5004, 1, '2024-03-04 21:37:28', NULL),
(231, 97, 5005, 1, '2024-03-04 21:37:28', NULL),
(232, 97, 5006, 1, '2024-03-04 21:37:28', NULL),
(233, 97, 5007, 1, '2024-03-04 21:37:28', NULL),
(234, 97, 5008, 1, '2024-03-04 21:37:28', NULL),
(235, 98, 5001, 2, '2024-03-06 22:02:59', NULL),
(236, 98, 5002, 6, '2024-03-06 22:02:59', NULL),
(237, 98, 5295, 2, '2024-03-06 22:02:59', NULL),
(238, 98, 5359, 32, '2024-03-06 22:02:59', NULL),
(239, 99, 5003, 1, '2024-03-08 22:38:11', NULL),
(240, 99, 5005, 4, '2024-03-08 22:38:11', NULL),
(241, 99, 5296, 52, '2024-03-08 22:38:11', NULL),
(242, 99, 5359, 2, '2024-03-08 22:38:11', NULL),
(243, 100, 5001, 1, '2024-03-18 21:37:40', NULL),
(244, 100, 5295, 3, '2024-03-18 21:37:40', NULL),
(245, 100, 7100, 2, '2024-03-18 21:37:40', NULL),
(246, 102, 1000004, 40, '2024-03-18 23:32:35', NULL);

-- --------------------------------------------------------

--
-- Estructura de tabla para la tabla `materiales`
--

CREATE TABLE `materiales` (
  `codigo` bigint(20) DEFAULT NULL,
  `nombre` varchar(255) DEFAULT NULL
) ENGINE=InnoDB DEFAULT CHARSET=utf8mb4 COLLATE=utf8mb4_general_ci;

--
-- Volcado de datos para la tabla `materiales`
--

INSERT INTO `materiales` (`codigo`, `nombre`) VALUES
(5001, '\"ABRAZADERA 1\"\"\"'),
(5002, '\"ABRAZADERA 1/2\"\"\"'),
(5003, '\"ABRAZADERA EMT DE  2\"\"\"'),
(5004, '\"ABRAZADERA 3/4\"\"\"'),
(5005, 'ABRAZADERA DE CABLE'),
(5006, '\"ABRAZADERA PARA CHANEL 1\"\"\"'),
(5007, '\"ABRAZADERA PARA CHANEL 1/2\"\"\"'),
(5008, '\"ABRAZADERA PARA CHANEL 2\"\"\"'),
(5009, '\"ABRAZADERA PARA CHANEL 3/4\"\"\"'),
(5010, 'ACEITE LUBRICANTE'),
(5011, 'ADAPTADOR DE FIBRA LC'),
(5012, 'AMARRA 10CM (100 UND)'),
(5013, 'AMARRA 15CM (100 UND)'),
(5014, 'AMARRA 20CM (100 UND)'),
(5015, 'AMARRA 25CM (100 UND)'),
(5016, 'AMARRA 30CM (100 UND)'),
(5017, 'ANGULO PLANO FRRA 4 X 4 PANDUIT'),
(5018, 'ANGULO PLANO PARA SARDINEL PISO'),
(5019, 'ANGULO EXTERNO 20X12'),
(5020, 'ANGULO EXTERNO 32X12 BLANCO'),
(5021, 'ANGULO EXTERNO 100X45 BLANCO'),
(5022, 'ANGULO EXTERNO 40X25 BLANCO'),
(5023, 'ANGULO EXTERNO 60X40 BLANCO'),
(5024, 'ANGULO EXTERNO 40X25 MARFIL'),
(5025, 'ANGULO INTERNO 20X12'),
(5026, 'ANGULO INTERNO 32X12 BLANCO'),
(5027, 'ANGULO INTERNO 40X25 BLANCO'),
(5028, 'ANGULO INTERNO 60X40 BLANCO'),
(5029, 'ANGULO INTERNO 40X25 MARFIL'),
(5030, 'ANGULO PLANO 20X12'),
(5031, 'ANGULO PLANO 32X12 BLANCO'),
(5032, 'ANGULO PLANO 100X45 BLANCO'),
(5033, 'ANGULO PLANO 40X25 BLANCO'),
(5034, 'ANGULO PLANO 60X40 BLANCO'),
(5035, 'ANGULO PLANO 40X25 MARFIL'),
(5036, 'ANGULO PLANO 60X40 MARFIL'),
(5040, 'BANDEJA 20CM 1UR BEACOUP'),
(5041, 'BANDEJA CON VENTILADOR'),
(5042, 'BANDEJA STANDAR 2UR BEAUCOUP'),
(5044, 'BANDEJA PARA TECLADO 2UR BEAUCOUP'),
(5045, 'BANDEJA PARANTE CENTRAL 2UR BEAUCOUP'),
(5047, 'BANDEJA CORREDIZA 4 PARANTES'),
(5048, 'BATERIA RECARGABLE 12V 7AH ST-12V-7AMP'),
(5049, 'BATERIA SONY 11.1 VL 4800 MAH'),
(5051, 'BLANK BLANCO PANDUIT'),
(5052, 'BLANK NEGRO PANDUIT'),
(5053, 'BLANK BLANCO QUEST'),
(5054, 'BREAKER CAJA MOLDEADA 2X60 AMP'),
(5056, 'BREAKER GENERAL ELECTRIC 1 X 20 DELGADO'),
(5058, 'BREAKER 1X16 SCHNEIDER ENCHUFABLE'),
(5059, 'BREAKER 1X20 SCHNEIDER PARA RIEL DYN'),
(5060, 'BREAKER 1X32 SCHNEIDER PARA RIEL DYN'),
(5061, 'BREAKER 2X20 SCHNEIDER ENCHUFABLE'),
(5062, 'BREAKER 2X40 SCHNEIDER ENCHUFABLE'),
(5063, 'BREAKER 2X50 SCHNEIDER ENCHUFABLE'),
(5065, 'BREAKER 3X40 SCHNEIDER'),
(5066, 'CABEZAL DE PLOTER 5000'),
(5070, 'CABLE CAT5E AZUL NEXXT'),
(5072, 'CABLE CAT6 AZUL PANDUIT NETKEY'),
(5073, 'CABLE CAT6 BLANCO PANDUIT'),
(5074, 'CABLE CAT6 AZUL QUEST'),
(5075, 'CABLE CAT6 PLOMO SIEMON'),
(5076, 'CABLE CAT6A AZUL COMMSCOPE'),
(5077, 'CABLE CAT6A PLOMO COMMSCOPE'),
(5078, 'CABLE CAT6A AZUL LEVINTON'),
(5079, 'CABLE CAT6A AZUL NEWLINK'),
(5080, 'CABLE CAT6A AZUL NEXXT'),
(5081, 'CABLE F/UTP CAT6A AZUL PANDUIT PANNET PFL6X04BU-CEG'),
(5082, 'CABLE CAT6A LILA SIEMON'),
(5084, 'CONECTOR COAXIAL RF,N TYPE MACHO RECTO'),
(5086, 'CAJA DE PASO 12X12'),
(5088, 'CAJA METALICA PINTADA 15X15 TAPA TORNILLO'),
(5089, 'CAJA 20X20 TAPA TORNILLO'),
(5090, 'CAJA 30X30 CON LLAVE'),
(5092, 'CAJA SOBREPUESTA 40MM BLANCA'),
(5093, 'CAJA SOBREPUESTA 55MM BLANCA'),
(5094, 'CAJETIN RECTANGULAR'),
(5095, '\"CAJETIN RECTANGULAR INDUSTRIAL (ANTI EXPLOSIVO) 3/4\"\"\"'),
(5096, 'CAJETIN RECTANGULAR PLASTICO'),
(5097, 'CAJETIN REDONDO GRANDE'),
(5098, 'CANALETA 20X12  SIN ADHESIVO'),
(5099, 'CANALETA 40X25 CD'),
(5100, 'CANALETA 60X40 CD'),
(5101, 'CANALETA 60X40 SD'),
(5102, 'CANALETA 100X45 SD'),
(5103, 'CANALETA 32X12'),
(5104, 'CANALETA METALICA CON TAPA'),
(5105, 'CANALETA METALICA TIPO ESCALERA 25CM'),
(5108, 'CANDADO PARA PORTATIL'),
(5109, 'CAPUCHON AZUL NEXXT'),
(5110, 'CAPUCHON PLOMO QUEST'),
(5111, 'CHANEL'),
(5113, 'CINTA VINYL 1/2 ROJA'),
(5114, 'CINTA VINYL 3/4 AMARILLA'),
(5115, 'CINTA VINYL 3/4 BLANCA'),
(5116, 'CINTA VINYL 3/4 ROJA'),
(5117, 'CINTA VINYL 3/8 AZUL'),
(5118, 'CINTA VINYL 3/8 BLANCA'),
(5120, '\"CINTA DOBLEFAZ DE 3/4\"\" DE 5 METROS\"'),
(5121, 'CINTA DOBLEFAZ 5M'),
(5122, 'CINTA VELCRO 3/4 NEGRO'),
(5124, 'CINTA VELCRO 3/8 NEGRO'),
(5125, '\"CONECTOR BX 1\"\"\"'),
(5126, '\"CONECTOR BX 1/2\"\"\"'),
(5127, '\"CONECTOR BX 2\"\"\"'),
(5128, '\"CONECTOR BX 3/4\"\"\"'),
(5129, '\"CONECTOR BX FUNDA 1 1/2\"\"\"'),
(5130, '\"CONECTOR BX FUNDA 1\"\"\"'),
(5131, '\"CONECTOR BX FUNDA 1/2\"\"\"'),
(5132, '\"CONECTOR BX FUNDA 3/4\"\"\"'),
(5133, '\"CONECTOR EMT 1 1/2\"\"\"'),
(5134, '\"CONECTOR EMT 1 1/4\"\"\"'),
(5135, '\"CONECTOR EMT 1\"\"\"'),
(5136, '\"CONECTOR EMT 1/2\"\"\"'),
(5137, '\"CONECTOR EMT 2\"\"\"'),
(5138, '\"CONECTOR EMT 3/4\"\"\"'),
(5139, 'CONECTOR RJ11'),
(5140, 'CONECTOR RJ11 BITICINO'),
(5141, 'CONECTOR RJ45 CAT6'),
(5142, 'CONTAC CLEANER (CYCLO /11OZ / 311G)'),
(5143, 'DERIVACION EN T 20X12 BLANCO'),
(5144, 'DERIVACION EN T 40X25 BLANCO'),
(5145, 'DERIVACION EN T 60X40 BLANCO'),
(5146, 'DERIVACION EN T 40X25 MARFIL'),
(5147, 'DERIVACION EN T SARDINEL PISO'),
(5148, 'DISCO TOSHIBA 1TB EXTERNO'),
(5149, 'DIVISION PARA CANALETA 100X45'),
(5150, 'DRUM CARTRIDGE XEROX'),
(5151, 'ESPUMA PARA LIMPIEZA'),
(5152, 'ETIQUETADORA BRADY CON CARGADOR'),
(5153, 'FACE PLATE DOBLE LEVINTON'),
(5154, 'FACE PLATE DOBLE NEXXT'),
(5155, 'FACE PLATE DOBLE PANDUIT PAN-NET CFPE2IW'),
(5156, 'FACE PLATE DOBLE QUEST'),
(5158, 'FACE PLATE SIMPLE NEXXT'),
(5159, 'FACE PLATE SIMPLE PANDUIT NETKEY'),
(5160, 'FACE PLATE SIMPLE QUEST'),
(5161, 'FIBRA OPTICA CLOSURE'),
(5163, 'FLASH MEMORY KINSTONG 8GB'),
(5164, 'FLASH MEMORY ADATA 8GB'),
(5165, '\"FUNDA PARA PORTATIL 15.5\"\"\"'),
(5166, 'FUSOR XEROX'),
(5167, 'FIBER RUNNER PANDUIT'),
(5168, 'INTERRUPTOR SIMPLE BITICINO'),
(5169, 'INTERRUPTOR SIMPLE VETO'),
(5170, 'JACK CAT6A NEGRO COMMSCOPE'),
(5173, 'JACK CAT5E CREMA NEXXT'),
(5174, 'JACK CAT5E AZUL PANDUIT'),
(5175, 'JACK CAT6 PANDUIT NETKEY AZUL'),
(5176, 'JACK CAT6 BLANCO PANDUIT'),
(5177, 'JACK CAT5E NEGRO PANDUIT'),
(5178, 'JACK CAT6 NEGRO PANDUIT'),
(5179, 'JACK CAT6A NEGRO PANDUIT'),
(5180, 'JACK CAT5E AZUL QUEST'),
(5181, 'JACK CAT6 AZUL QUEST'),
(5182, 'JACK CAT5E BLANCO RYM'),
(5183, 'JACK CAT6 NEGRO SIEMON'),
(5184, 'JACK CAT7A TERA SIEMON'),
(5185, 'KIT DE MANTENIMIENTO XEROX 4500'),
(5186, '\"MANGUERA BX 1/2\"\"\"'),
(5187, 'MANGUERA PARA FIBRA AMARILLA CLT150F-X4  PANDUIT'),
(5189, 'CABLE ELECTRICO NO.10'),
(5190, 'CABLE ELECTRICO NO.12'),
(5192, 'MOCHILA TARGOS'),
(5193, 'MOUSE OPTICAL'),
(5194, 'MOUSE MUNDIALISTAS'),
(5195, '\"MULTITOMA 8 TOMAS DOBLES 48\"\"\"'),
(5196, '\"MULTITOMA 8 TOMAS DOBLES 72\"\" CONNECTION\"'),
(5197, 'MULTITOMA 8 TOMAS BEAUCOUP'),
(5198, 'NEMA 530P MACHO'),
(5199, 'NEMA L1430 P MACHO'),
(5200, 'NEMA L520 C HEMBRA'),
(5201, 'NEMA L630 P MACHO'),
(5202, 'NEMA L530R HEMBRA'),
(5203, 'ORGANIZADOR 20 PANDUIT HORIZONTAL'),
(5204, 'ORGANIZADOR HORIZONTAL 2UR 80X80 (BEAUCOUP I-1144)'),
(5205, 'ORGANIZADOR 1UR COMMSCOPE'),
(5206, '\"ORGANIZADOR VERTICAL 48\"\"\"'),
(5208, 'PATCH CORD LC-LC MULTIMODO 3M OM3'),
(5210, 'PATCH CORD CAT6 3FT AZUL PANDUIT'),
(5211, 'PATCH CORD BLINDADO CAT6A 3FT BLANCO PANDUIT  PANNET STP28X1M'),
(5212, 'PATCH CORD CAT6 3FT BLANCO PANDUIT'),
(5213, 'PATCH CORD CAT6 7FT AZUL PANDUIT'),
(5214, 'PATCH CORD BLINDADO CAT6A 7FT AZUL PANDUIT PANNET STP28X2MBU'),
(5215, 'PATCH CORD CAT6 7FT BLANCO PANDUIT'),
(5216, 'PATCH CORD CAT6A 7FT BLANCO PANDUIT'),
(5217, 'PATCH CORD CAT6 7FT AZUL QUEST'),
(5218, 'PATCH CORD CAT5E 7FT BLANCO QUEST'),
(5219, 'PATCH CORD CAT6 7FT BLANCO QUEST'),
(5220, 'PATCH CORD LC-FC MONOMODO 3M'),
(5221, 'PATCH CORD LC-LC MONOMODO DUPLEX 3M'),
(5222, 'PATCH CORD LC-LC MULTIMODO 3M OM3 (TOMATE)'),
(5224, 'PATCH CARD LC-SC MONO MODO 3M'),
(5226, 'PATCH PANEL 16 PUERTOS COACCIALES'),
(5227, 'PATCH PANEL 24 PUERTOS ANGULAR'),
(5228, 'PATCH PANEL CAT6 24 PUERTOS SIEMON'),
(5229, 'PATCH PANEL 24 PUERTOS PANDUIT PATNET'),
(5232, 'PATCH SC-FC MONO MODO 2 METROS'),
(5233, 'PATCH SC-FC MONO MODO 3 METROS'),
(5234, 'PATCH CORD SC-LC MULTIMODO 3M OM3'),
(5235, 'PATCH CORD SC-SC MULTIMODO 10M OM3'),
(5236, 'PICK ROLLER IMPRESORA HP'),
(5237, 'PICK ROLLER IMPRESORA 4750'),
(5238, 'PIGTAIL FC 3M'),
(5240, 'PIGTAIL LC MULTIMODO OM3'),
(5250, 'RACK CERRADO DE PARED 12UR BEAUCOUP'),
(5251, 'RACK ABATIBLE 19UR 920X610X510 (BEAUCOUP I-1027-N)'),
(5253, 'LIMPIADOR CONTACTOS ELECTRONICOS 11ONZ'),
(5254, 'REGULADOR DE VOLTAJE 2000 VA'),
(5255, 'RODELA CUADRADA PARA CHANEL'),
(5256, 'RODILLO DE CARGA PARA LEXMAR X646/T644'),
(5257, '\"MANGUERA CORRUGADA 1\"\" METROS\"'),
(5258, '\"MANGUERA CORRUGADA 1/2\"\" METROS\"'),
(5259, '\"MANGUERA CORRUGADA 3/4\"\" METROS\"'),
(5261, 'SARDINEL DE PISO PLASTICO GRIS'),
(5262, 'SERVER ADAPTER HP NC112TPCLE GIGABIT'),
(5267, 'SPLITTER 4 SALIDAS VIDEO'),
(5268, 'SPLITTER 8 SALIDAS RCA AUDIO'),
(5269, '\"TACO DE EXPANSION 1/2\"\"\"'),
(5270, '\"TACO DE EXPANSION 3/8\"\"\"'),
(5271, 'TAPA BAJANTE PANDUIT FRSPJC  4 4 YL'),
(5272, 'TAPA CAJA DE PASO 12X12'),
(5274, 'TAPA FIBER RUNNER PANDUIT'),
(5275, 'TAPA REDONDA'),
(5276, 'TAPA REDONDA PEQUE?A'),
(5277, 'TAPA CAJA DE PASO 10X10'),
(5278, 'TAPA CAJA DE PASO 10X10 CON HUECO'),
(5279, 'TAPA DE RESERVA CIEGAS PARA RACK 2UR METAL'),
(5280, 'TAPA FINAL 100X45 BLANCO'),
(5281, 'TAPA FINAL 20X12 BLANCO'),
(5282, 'TAPA FINAL 32X12 BLANCO'),
(5283, 'TAPA FINAL 40X25 BLANCO'),
(5284, 'TAPA FINAL 60X40 BLANCO'),
(5285, 'TARJETA CISCO 4F X 0'),
(5286, 'TARJETA EXTERNA SCSI 80 PINES CON CABLE'),
(5287, 'TARJETA SCSI CARD 2930 ADAPTEC'),
(5290, 'TOMACORRIENTE BLANCO 5-15R'),
(5291, 'TOMACORRIENTE NARANJA 5-15R'),
(5292, 'TONER XEROX 106R01531'),
(5295, '\"TUBO EMT 1/2\"\"\"'),
(5296, '\"TUBO EMT 3/4\"\"\"'),
(5298, 'UNION 100X45 BLANCO'),
(5299, 'UNION 20X12 BLANCO'),
(5300, 'UNION 40X25 BLANCO'),
(5302, '\"UNION EMT 1 1/4\"\"\"'),
(5303, '\"UNION EMT 1\"\"\"'),
(5304, '\"UNION EMT 1/2\"\"\"'),
(5305, '\"UNION EMT 2\"\"\"'),
(5306, '\"UNION EMT 3/4\"\"\"'),
(5308, '\"VARILLA ROSCADA 3/8 \"\"\"'),
(5310, 'VENTILADOR PARA PORTATIL'),
(5312, 'BATERIA HP E CELL'),
(5313, 'TONER  TK'),
(5316, 'DISCO DURO SEAGATE'),
(5318, 'HEADSET'),
(5320, 'CAMARAS'),
(5329, 'CABLE ELECTRICO NO.14 AMARILLO'),
(5330, 'PANEL MONOFASI 4FT 100A'),
(5331, '\"MONITOR LG 29\"\"\"'),
(5333, 'TAPA CIEGA BLANCA'),
(5334, 'BALUM BNC MINI VIDEO TRANSMISOR RECEPTOR 1 CANAL'),
(5340, 'PATCH CORD LC-LC 30M OM3'),
(5342, 'CABLE ELECTRICO GEMELO N.2X14'),
(5343, 'ALAMBRE GALVANIZADO KILO'),
(5344, 'BALASTRO 2X40'),
(5346, 'NO USAR'),
(5347, 'CABLE HDMI 3M'),
(5348, '\"MANGUERA BX DE 1\"\"\"'),
(5349, 'CAJA 12X12  (5X5)'),
(5351, 'TVSS DE 220V TIPO RIEL DIN - CAMS SUPRE/TRANSIE.3F 65KA 230V'),
(5353, 'UPS VANGUARD'),
(5354, 'CONTROL DE ACCESO HUELLA Y PROXIMIDAD ZKTECO ZK-MA300/ID'),
(5359, 'TUBO FLUORESCENTE'),
(5360, 'TUBO LED'),
(5366, 'PATCH CORD CAT6A 3FT COMSCOPE'),
(5368, 'PATCH CORD LC-LC MULTIMODO 7M OM3'),
(5369, 'PATCH CORD LC-LC MULTIMODO 20M OM3'),
(5370, 'PATCH CORD LC-LC MULTIMODO 12M OM3'),
(5371, 'PATCH CORD LC-LC MULTIMODO 10M OM3'),
(5372, 'PATCH CORD LC-LC MULTIMODO 5M OM4'),
(5373, 'PATCH CORD LC-LC MULTIMODO 15M OM4'),
(5374, 'PATCH CORD LC-LC MULTIMODO 30M OM4'),
(5375, 'PATCH CORD LC-LC MULTIMODO 5M OM3'),
(5376, 'PATCH CORD LC-LC MULTIMODO 15M OM3'),
(5377, 'PATCH CORD LC-LC MULTIMODO 3M OM4'),
(5378, 'PATCH CORD LC-LC MULTIMODO 10M OM4'),
(5379, 'PATCH CORD LC-LC MULTIMODO 20M OM4'),
(5381, 'CONNECTOR SIMPLE LC/UPC OM3'),
(5382, 'CONNECTOR SIMPLE SC/UPC OM3'),
(5383, 'CONNECTOR SIMPLE LC/UPC OM4'),
(5384, 'CONNECTOR SIMPLE SC/UPC OM4'),
(5385, 'CABLE FIBRA OPTICA DUPLEX OM3'),
(5386, 'CABLE FIBRA OPTICA DUPLEX OM4'),
(5387, 'PATCH CORD LC-LC MULTIMODO 25M OM3'),
(5388, 'TONER HP'),
(5393, 'FUENTE DE PODER 750W ANERA'),
(5394, 'CABLE ELECTRICO NO.8 SUPERFLEX'),
(5396, 'LAMPARA DE EMERGENCIA'),
(5397, 'LUMINARIA LED EMPOTRABLE 24W LUZ DIA'),
(5400, 'CANALETA 20X12 CA'),
(5401, 'ESPUMA LIMPIADORA MAX CLEAN'),
(5402, 'NO USAR'),
(5403, 'DERIVACION EN T 32X12'),
(5404, 'MANGUERA BX DE 3/4'),
(5412, 'CABLE CAT5E QUEST'),
(5413, 'PATCH PANEL 24P MOLULAR QUEST'),
(5415, 'PATCH CORD CAT6 3FT AZUL QUEST'),
(5417, 'MEMORIA 4 GB'),
(5419, 'PATCH CORD CAT6A 7FT COMMSCOPE'),
(5421, 'GARANTIA (FOUNDATION CARE SERVICE)'),
(5425, 'FUENTE DE PODER PARA SERVIDOR G5'),
(5426, 'FUENTE DE PODER PARA IMPRESORA LEXMAR CX310'),
(5432, '\"TUBO IMC 1/2\"\"\"'),
(5434, 'MOUSE GENIUS'),
(5435, 'CONECTOR RJ45 CAT5E'),
(5439, 'DISCO DURO PARA CPU'),
(5445, 'ALTOPARLANTES'),
(5446, '\"CABLE SATA ACODADOS 18\"\"\"'),
(5447, 'CABLE HDMI 10M'),
(5450, 'CANALETA LISA 32X12 CD BLANCA'),
(5451, 'CAJA SOBREPUESTA 32MM'),
(5452, 'UNION 60X40 BLANCA'),
(5453, 'ANGULO INTERNO 100X45'),
(5454, 'DERIVACION EN T 100X45 BLANCA'),
(5455, 'TAPA BLANCA PARA TOMACORRIENTE'),
(5456, 'TAPA NARANJA PARA TOMACORRIENTE'),
(5457, 'TUERCA ENCAPSULADA M6X2.0MM. PAQ 20U BEAUCOUP I-1165.'),
(5465, 'CAJA METALICA DE PASO 10X10 (4X4)'),
(5468, 'CABLE CAT6 CONNECTION'),
(5470, '\"MULTITOMA 19\"\" 4 TOMAS DOBLES\"'),
(5476, 'PATCH CORD CAT6A 7FT NEXXT'),
(5477, 'PATCH CORD CAT6A 3FT BLANCO NEXXT'),
(5480, 'MEMORIA 32GB'),
(5481, 'NO USAR'),
(5482, 'NO USAR'),
(5483, 'NO USAR'),
(5486, 'PROTECTOR ZD16101 PRO 120/208-80KVA'),
(5487, 'SWITCH DESKTOP 16P NEXXT'),
(5493, 'BREAKER 2X30 QOU'),
(5495, 'CABLE ELECTRICO ONCENTRICO 3X10 FLEXIBLE'),
(5496, 'NO USAR'),
(5500, 'TOMACORRIENTE 15A DOBLE POLAR'),
(5501, 'MOCHILAS QUASAD NEGRA'),
(5503, 'BREAKER 3X50 GENERAL ELECTRIC GRUESO'),
(5506, 'CONECTOR VARILLA COPERWELL'),
(5514, 'NO USAR'),
(5516, 'NO USAR'),
(5520, 'PATCH CORD CAT6 7FT AZUL CONNECTION'),
(5522, 'ORGANIZADOR CON TAPA 44X88'),
(5525, 'TONER LEXMARK'),
(5532, 'MEMORIA 8GB'),
(5535, 'LICENCIAS ENDPOINT ESET'),
(5537, 'PLACA SVGA'),
(5539, 'FLEXOMETRO 5GR33E'),
(5544, 'TONER LASER'),
(5550, 'PATCH PANEL 24P NEXXT'),
(5551, 'CABLE CAT6 GRIS NEXXT'),
(5552, 'JACK CAT6 NEGRO NEXXT'),
(5553, 'PATCH CORD CAT6 3FT GRIS NEXXT'),
(5554, 'PATCH CORD CAT6 7FT NEXXT GRIS'),
(5556, 'PATCH CORD CAT5E 3FT GRIS CONNECTION'),
(5557, 'CABLE GEMELO'),
(5566, 'UPS ON LINE 10KVA'),
(5567, 'CABLE HDMI 25 METROS'),
(5574, 'TARJETA DE RED SNMP PARA UPS 1KVA, 3KVA, 6KVA'),
(5575, 'DISCO DURO TOSHIBA'),
(5577, 'JACK CAT6A NEGRO SIEMON'),
(5578, 'JACK CAT6A BLANCO PANDUIT'),
(5583, 'TECLADO Y MOUSE MICROSOFT'),
(5585, 'SWITCH  24 PUERTOS'),
(5593, 'DICROICO'),
(5594, 'DISCO EXTERNO ADATA'),
(5595, '\"ORGAZADOR VERTICAL 72\"\"\"'),
(5599, 'CABLE HDMI 1.8M'),
(5600, 'CINTA EPSON ERC-38 B NEGRO'),
(5621, 'PONCHADORA 8P8C/RJ45'),
(5625, '\"ARANDELA REDONDA PARA PERNO DE 3/8\"\" GALVANIZADO ELECTROLITICO\"'),
(5627, 'SUJETADOR DE BANDEJA (INCLUYE PERNO Y TUERCA MORDAZA)'),
(5644, 'LAMPARA SOBREPUESTA 3X17W'),
(5646, 'CABEZAL DE IMPRESORA'),
(5651, 'ESTUCHE PORTATIL'),
(5671, 'PROYECTOR EPSON POWERLITE X51+'),
(5672, 'PORTATIL HP 230'),
(5673, 'PORTATIL DELL LATITUDE'),
(5674, 'ANCLAJE FIBER RUNNER FR6TRBN12'),
(5675, 'CABLE HDMI 1.5M'),
(5676, '\"TUBO EMT 1\"\"\"'),
(5677, 'PANTALLA DE PROYECCION'),
(5682, 'MICROFONO INALAMBRICO JABRA 510'),
(5685, 'LECTOR DE BARRAS'),
(5686, 'CARGADOR PORTATIL MOVIL'),
(5700, 'FLASH MEMORY 16GB KINGSTON'),
(5713, 'JACK CAT6 CONNECTION'),
(5714, 'PATCH PANEL 24P MODULAR CONNECTION'),
(5715, 'FACE PLACE DOBLE CONNECTION'),
(5720, 'REPUESTOS MUNICIPIO UIO'),
(5722, 'CABLE SVGA 4,5 METROS'),
(5724, 'PATCH CORD LC-LC MONOMODO SM 5M'),
(5726, 'PATCH CORD LC-LC MONOMODO 20M PANDUIT'),
(5728, 'PATCH CORD LC-LC MULTIMODO 1M OM3'),
(5729, 'PATCH CORD SC-LC MULTIMODO 1M OM3'),
(5730, 'PATCH CORD LC-LC MULTIMODO 2M OM3'),
(5731, 'PATCH CORD FC-FC SIMPLEX 3M'),
(5735, 'PATCH CORD ST/ MTRJ MULTIMODO 2M OM3'),
(5736, 'CONVERTIDOR DE VGA A HDMI'),
(5740, 'FIBRA OPTICA 6H MM OM3 ADSS 80 AEREA (FURUKAWA)'),
(5744, 'OJO DE BUEY'),
(5746, 'JACK CAT6A CONNECTION'),
(5747, '\"JUEGO DE BROCAS PARA METAL  1/16\"\" A 1/2\"\"\"'),
(5748, '\"ABRAZADERA 3/4\"\" DOBLE\"'),
(5749, '\"CAJA ANTIEXPLOSIVO 3/4\"\" (NO USAR)\"'),
(5751, 'ADAPTADOR SC SC DUPLEX SM'),
(5752, 'MODULO BLANK P/PANEL DE FIBRA (TAPA)'),
(5756, '\"PORTATIL ACER 11.6\"\" CELERON\"'),
(5757, 'FACE PLATE HDMI/VGA'),
(5761, 'CPU CLON'),
(5762, 'FLASH MEMORY 32GB'),
(5764, 'SOPORTE TECHO PARA PROYECTOR'),
(5765, 'BATERIA 12V 9AH'),
(5768, 'NEMA L630C HEMBRA'),
(5770, 'SELECTOR AUDIO DE  3 A 1'),
(5773, '\"CAJETIN RECTANGULAR INDUSTRIAL (ANTI EXPLOSIVO) 1/2\"\"\"'),
(5774, '\"MANGUERA BX SELLADA 1/2\"\"\"'),
(5779, '\"ABRAZADERA 1/2\"\" DOBLE\"'),
(5782, 'CABLE CAT6A CONNECTION'),
(5783, 'FACE PLATE 1P CON ID BLANCO'),
(5784, 'PATCH CORD CAT6A 7FT CONNECTION'),
(5785, '\"MANGUERA NEGRA FLEX 1/2\"\"\"'),
(5788, 'UNION DE CANALETA TIPO BANDEJA 20X10'),
(5791, '\"TUBO IMC 3/4\"\"\"'),
(5793, '\"UNION IMC 3/4\"\"\"'),
(5794, 'CINTA 3/8 AMARILLA'),
(5796, 'CABLE ELECTRICO NO.18'),
(5798, 'RACK ABIERTO DE PISO 45UR'),
(5800, '\"PERNO CARRIAJE DE 1/4\"\" X 1/2\"\"\"'),
(5802, 'PATCH PANEL CAT6A 24P SIEMON'),
(5803, 'PATCH CORD CAT6 3FT SIEMON'),
(5805, 'FACE PLATE SIMPLE SIEMON'),
(5806, 'PATCH CORD LC-SC MULTIMODO 6M'),
(5808, 'FACE PLATE 1P SIEMON'),
(5809, 'FACE PLATE 2P SIEMON'),
(5810, 'UNION 32X12 DEXSON'),
(5813, 'ADAPTADOR SC-SC'),
(5815, 'LICENCIA WINDOWS 10 PRO'),
(5817, 'INVENTARIO EBTEL'),
(5824, 'CPU HP 280 G1 ST-SRP'),
(5826, 'MAINBOARD TOSHIBA'),
(5830, 'PANEL MONOFASICO DE 12 PUERTOS'),
(5832, 'DISCO HP 900 GB'),
(5835, 'CABLE ELECTRICO NO.6 SUPERFLEX'),
(5837, 'CAJA DE 6 PUERTOS SC'),
(5839, '\"DISCO DURO SAS DELL DE 2,5 \"\", 1,2 TB, 10 K\"'),
(5840, 'CINTA EPSON ERC-32 B NEGRO'),
(5846, 'TECLADO LENOVO FRU 04Y0827'),
(5849, 'BATERIA 12V 7 AMP'),
(5850, 'CABLE DE INCENDIO'),
(5854, 'TERMINAL TALON 1/0'),
(5855, 'CABLE VGA 4 METROS'),
(5859, 'CABLE PLUG STEREO RCA'),
(5861, 'JACK CAT6A NEGRO ZMAX SIEMON'),
(5872, '\"ESPIRAL 3/4\"\"\"'),
(5874, 'PATCH CORD LC-LC MULTIMODO 40M OM4'),
(5875, 'PATCH CORD LC-LC MULTIMODO 60M OM3'),
(5876, 'PATCH CORD LC-LC MULTIMODO 40M OM3'),
(5877, 'PATCH CORD LC-SC MULTIMODO 3M OM3'),
(5878, 'CONECTORES LC 24 PARTES/ ODF 24 PUERTOS'),
(5881, 'JACK CAT6A BLANCO SIEMON'),
(5885, 'SWICH SAN HP 4/12'),
(5888, 'TARJETA PCA HP'),
(5894, 'PERILLA PARA BYPASS 3X32'),
(5895, 'BREAKER 2X32 SCHNEIDER'),
(5897, 'CABLE CONCENTRICO FLEXIBLE 3X12'),
(5898, 'CAJA SOBREPUESTA 40MM TECH PLUS'),
(5900, 'PORTATIL DELL INSPIRON'),
(5902, 'PATCH CORD CAT6 7FT SIEMON'),
(5905, 'BASE PARA PORTATIL'),
(5911, 'PATCH CORD CAT6 10FT NEXXT'),
(5917, 'PATCH CORD LC-LC SM 50M'),
(5919, 'PATCH CORD CAT6A 7FT SIEMON'),
(5920, 'PATCH CORD CAT6A 3FT SIEMON'),
(5921, 'CABLE USB 4,5M'),
(5922, 'CABLE USB 1,8M'),
(5923, 'CABLE USB 9M CON AMPLIFICADOR'),
(5925, '\"UNION IMC 1/2\"\"\"'),
(5932, 'CONVERTIDOR HDMI A VGA'),
(5933, 'BATERIA TOSHIBA PARA PORTATIL'),
(5949, 'TAPA METALICA PARA NEMA'),
(5950, 'PONCHADORA DE IMPACTO'),
(5952, 'NEMA L520R'),
(5953, 'NEMA L520P'),
(5954, 'PATCH CORD CAT6 5M PANDUIT'),
(5955, 'CONTACTOR BIFASICO 30 AMP 24V'),
(5962, 'NEMA L620C AEREO HEMBRA'),
(5963, 'NEMA L620P MACHO'),
(5967, 'CABLE CAT5E HUBELL'),
(5970, '\"ABRAZADERA 2\"\" GALV. \"\"ANILLO REAJUSTABLE\"\"\"'),
(5974, 'CANALETA 40X25 SD'),
(5982, 'TACO FISHER #10'),
(5983, '\"TIRAFONDO 1/4\"\" X 2\"\"\"'),
(5984, '\"TORNILLO 1\"\" X 8 COLEPATO\"'),
(5990, 'PATCH CORD LC-LC SM DX 20M'),
(5991, 'AMARRA 35CM (100 UND)'),
(5992, 'CONECTOR PARA RG8'),
(5993, 'PATCH CORD FC-LC SM 15M DUPLEX'),
(5994, 'PATCH CORD FC-LC SM 10M DUPLEX'),
(5995, 'PATCH CORD SC-SC SM 3M'),
(5996, 'PATCH CORD LC-LC SM DX 15M'),
(5997, 'PATCH CORD LC-LC SM 2M'),
(5998, 'PATCH CORD LC-LC SM 3M'),
(5999, 'PATCH CORD LC-SC 5M'),
(6000, 'PATCH CORD SC-SC 10M DUPLEX'),
(6001, 'PATCH CORD CAT5E 3FT HUBBELL'),
(6002, 'PATCH CORD CAT6A 3FT BLANCO PANDUIT'),
(6003, 'PATCH CORD SC-SC 5M'),
(6006, 'CABLE THHN AWG 8'),
(6009, 'MICRO SD-HC KINGSTON 32GB'),
(6015, 'CAMARA DVR GRABADOR PARA AUTO'),
(6016, 'UPS 1550VA-900W'),
(6017, 'AGREGADO ELECTROLITICO'),
(6018, 'PLACA EMPOTRABLE'),
(6020, 'IMPRESORA EPSON REFUBRISH'),
(6025, 'CABLE DE AUDIO'),
(6029, 'MOUSE VERTICAL'),
(6038, 'PATCH CORD LC-LC SIMPLE 1.5M'),
(6039, 'PATCH CORD LC-LC SIMPLE 10M'),
(6040, 'PATCH CORD LC-FC SIMPLE 20M'),
(6041, 'PATCH CORD SC-FC SIMPLE 8M'),
(6042, 'PATCH CORD FC-FC DUPLEX 20M'),
(6043, 'PATCH CORD FC-FC DUPLEX 10M'),
(6044, 'PATCH CORD LC-LC SIMPLE 8M'),
(6045, 'PATCH CORD LC-LC SIMPLE 20M'),
(6046, 'PATCH CORD LC-SC SIMPLE 2.7M'),
(6047, 'PATCH CORD LC-FC SIMPLE 15 METROS'),
(6048, 'PATCH CORD SC-SC VERDE SIMPLE 3M'),
(6049, 'PATCH CORD SC-LC VERDE SIMPLE 10M'),
(6050, 'PATCH CORD SC-LC VERDE SIMPE 3M'),
(6052, 'PATCH CORD LC-SC SIMPLE 10M'),
(6054, 'PATCH CORD LC-LC SIMPLE 3M'),
(6055, 'CABLE ELECTRICO CONCENTRICO FLEXIBLE 4X18'),
(6056, 'CANALETA 13X7 BLANCA'),
(6060, 'PERNO DE EXPANSION 3/8'),
(6061, 'GRAPA PLASTICA'),
(6062, 'TONER XEROX WC7525'),
(6063, 'CHOVA'),
(6066, 'TAIPE'),
(6067, 'CINTA AUTOFUNDENTE'),
(6070, 'ADAPTADOR DELL'),
(6072, '\"CLAVO CONCRETO 1\"\"\"'),
(6083, 'BATERIA 12V 100 AMP'),
(6084, 'ADAPTADOR 12V 1A'),
(6085, 'ADAPTADOR 12V 2A'),
(6086, 'BATERIA 12V 5AH'),
(6088, 'BATERIA 12V 17AH'),
(6089, 'BATERIA 12V 28AH'),
(6090, 'BATERIA 12V 35AH'),
(6100, 'PATCH CORD SC-SC OM3 3M'),
(6103, 'BATERIA 12V 18AH'),
(6104, 'CABLE DE SEGURIDAD 2X18 AWG'),
(6106, 'MOUSE PAD CON GEL'),
(6111, 'DISCO DURO DE 4TB'),
(6116, 'CELULAR SAMSUNG J2 PRIME'),
(6120, 'CONECTORES DOBLE OJO PARA ATERRIZAJE ELECTRICO'),
(6124, '\"UNION IMC 1\"\"\"'),
(6125, 'TOMAS PARA TELEFONO DOBLE RJ11'),
(6136, 'IMPRESORA HP OFFICEJET'),
(6138, 'KIT DE LIMPIEZA'),
(6148, 'JACK CAT5E BLANCO SIEMON'),
(6150, 'PATCH CORD 3FT GRIS'),
(6151, 'PATCH CORD OM4'),
(6154, 'BOMBILLA LED NEXXT'),
(6155, 'ADAPTADOR WIRELESS NEXXT'),
(6162, 'ADAPTADOR HDMI A VGA'),
(6175, 'PATCH CORD CAT5E 3FT NEXXT'),
(6182, 'CABLE DE BATERIA #6'),
(6183, 'TARJETA DE SONIDO'),
(6187, 'PATCH CORD CAT6A 3FT PANDUIT AZUL 1M'),
(6190, 'HD DVR 7200 HIKVISION'),
(6192, 'MEMORIA SD 32GB'),
(6204, 'GABINETE METALICO BEAUCOUP 40*40*20'),
(6206, 'CPU DELL VOSTRO'),
(6211, 'TERMINAL TALON SIMPLE #6'),
(6212, 'CONECTOR ANDERSON 50A 600V PLOMOS'),
(6213, 'BORNERA 15 AMP'),
(6215, 'TECLADO MICROSOFT'),
(6221, 'DUCTO TIPO CLIP'),
(6227, 'MANGUERA DE AGUA'),
(6232, '\"COBERTOR TV 32\"\"\"'),
(6238, 'LICENCIA ENDPOINT PROTECTION'),
(6239, 'CALEFACTOR'),
(6240, 'TONER CONTENEDOR DE RESIDUOS IMPRESORA'),
(6244, 'DVD WRITER LG'),
(6248, 'OCP'),
(6249, '\"CONECTOR BX FUNDA 2\"\"\"'),
(6253, 'PARLANTE SPEEDMIND'),
(6255, '\"SOPORTE TV 22\"\" A 37\"\" 35KG\"'),
(6259, 'CONECTOR ST PC 3MM QUEST'),
(6266, 'CINTA VELCRO 3/4 5MT NEGRO'),
(6268, 'REGULADOR DE VOLTAJE 1000 VA'),
(6273, 'SWITCH HDMI 1X5'),
(6274, 'CABLE CAT6 NEGRO NEXXT (PARA EXTERIOR)'),
(6278, 'JACK CAT6A NEXXT'),
(6283, 'INTERRUPTOR DOBLE BLANCO VETO'),
(6284, 'FOCO DICROICO LED 5W BLANCO SYLVANIA'),
(6286, 'SOCKET'),
(6287, 'PIGTAIL ST/UPC OM1 3M'),
(6288, 'CONECTOR RJ45 CAT6A BLINDADO'),
(6301, 'CABLE SUPERFLEX #4 AWG'),
(6304, 'SPLITTER DE 4 VIAS'),
(6306, 'CONECTOR RG6 CRIMPEABLE'),
(6308, 'CABLE CONCENTRICO FLEXIBLE 4X14 AWG'),
(6309, '\"TUBERIA BX 1\"\"\"'),
(6310, 'PATCH CORD LC-LC 2M OM4-DX-2.0-PVC'),
(6312, 'PATCH CORD LC-LC-8M-SM-DX-2.0'),
(6313, 'PATCH CORD LC-SC-1.5M-SM-DX-2.0'),
(6316, 'PATCH CORD SC-LC MULTIMODO 2M OM4'),
(6317, 'AOC OM4 10GB SFP 10M FIBER'),
(6318, 'AOC OM4 40GB QSFP 5M FIBER'),
(6328, 'PATCH CORD CAT6A 1M AZUL FURUKAWA'),
(6332, 'UPS TITAN 3KVA 120VAC ONLINE TORRE'),
(6338, 'NEMA L530C'),
(6350, 'MASCARILLAS N95'),
(6352, 'ROUTER INAL?MBRICO MESH VEKTOR - 2400 AC NEXXT - BLANCO'),
(6355, 'NYLON CABLE TIE 2.5X100 IMPORTADO'),
(6357, 'NYLON CABLE TIE 4.7X200 IMPORTADO'),
(6358, 'NYLON CABLE TIE 4.7X250 IMPORTADO'),
(6359, 'NYLON CABLE TIE 4.7X300 IMPORTADO'),
(6360, 'NYLON CABLE TIE 4.7X350 IMPORTADO'),
(6361, 'HOOP AND LOOP 2CMX 9M BLACK IMPORTADO'),
(6362, 'HOOP AND LOOP 1CMX 9M BLACK IMPORTADO'),
(6365, 'PATCH CORD LC-LC- 7M OM4-DX-7M PVC IMPORTADO'),
(6368, 'PIGTAIL LC OM3-SX-1M IMPORTADO'),
(6369, 'PIGTAIL LC OM3-SX-1M IMPORTADO'),
(6370, 'FAST CONNECTOR LC OM3 IMPORTADO'),
(6371, 'FAST CONNECTOR LC OM4 IMPORTADO'),
(6386, 'GUANTES NITRILO'),
(6388, 'MASCARILLAS KN95'),
(6389, '8-PORT GIGABIT SWITCH 1420 8G'),
(6391, '\"RUBATEX 5/8\"\"X1/2\"\" (2 METROS)\"'),
(6393, '\"TUBERIA FLEXIBLE DE COBRE 3/8\"\" (ROLLO 15M)\"'),
(6402, 'POE ADAPTER TL-POE2412G'),
(6403, 'GUANTES LATEX'),
(6406, 'MULTIMETRO DIGITAL'),
(6414, 'DISCO DURO SOLIDO 480GB'),
(6416, 'CELULAR XIAOMI'),
(6421, 'HERRAJE DE CRUZE AMERICANO DE 2 EXT'),
(6425, 'REGLETA 6 TOMAS'),
(6427, 'ADAPTADOR CORRIENTE PARA PORTATIL'),
(6441, 'CABLE ADAPTADOR LENOVO STDP3100 0A36579 03X6601 MINI-DISPLAYPORT A VGA'),
(6444, 'SOPORTE MFF COMPACTO'),
(6445, 'ADAPTADOR DE CORRIENTE PLUGIN 3 A 2'),
(6446, 'UPS 900VA'),
(6458, 'PATCH CORD LC-SC 30M OM3'),
(6459, 'PATCH CORD LC-LC 7M OM5-DX-LSZH'),
(6460, 'PATCH CORD LC-LC 5M OM5-DX LSZH'),
(6461, 'PATCH CORD LC-LC 3M OM5-DX LSZH'),
(6465, 'NEMA L1430C AEREO HEMBRA'),
(6466, 'NEMA L1430R ENPOTRABLE HEMBRA'),
(6468, 'CISCO SYSTEMS - 37-0891-01 50CM CABLE DE APILAMIENTO'),
(6471, 'JACKS DE FIBRA OPTICA SIEMON'),
(6472, 'CABLE DE CINTA PLANA DB9 HEMBRA A FC-10 HEMBRA'),
(6473, 'PATCH CORD FIBRA OPTICA 15FT'),
(6474, 'PATCH CORD FIBRA OPTICA 7FT'),
(6475, 'C?PSULA DE MICR?FONO DE CONDENSADOR ELECTRET DE 6 MM'),
(6476, 'LICENCIA WINDOWS 11 PRO 64B LABEL KEY'),
(6480, 'BATERIA 12V 7.5AH'),
(6481, 'JACK CAT6A BLINDADO AZUL MINICOM. PANDUIT PANNET  CJS6X88TGY-'),
(6482, 'CHANEL  4CMX2CM'),
(6679, 'LAPTOP HP SERIE 5CD101PWT7 ESTUCHE Y MOUSE'),
(6680, 'LAPTOP LENOVO THINKPAD L430 PLACA BASE INTEGRADA PLACA BASE'),
(6681, '\"UNION DE VARILLA ROSCADA DE 3/8\"\"\"'),
(6682, 'PATDH CORD PC FO LC/LC MM 50/125 OM3 DUPLEX 5M SIEMOS'),
(6684, 'CABLE CONCENTRICO FLEXIBLE  4X8'),
(6685, 'MODULO DE COMUNICACION ETHERNET B426 BOSH'),
(6687, 'MEMORIAS PARA PORTATIL DE 4GB'),
(6689, 'CABLE DE PODER C20 A C13 7FT'),
(6692, 'VENTILADOR 8X8 PARA UPS'),
(6694, 'CABLE VGA MACHO / HEMBRA DE 1.8M'),
(6695, 'MODULO LC PARA BANDEJA PANDUIT'),
(6696, 'COVERTIDOR DE USB A HDMI'),
(6697, 'ADAPTADORES LC'),
(6698, 'ATENUADOR DE FIBRA OPTICA TIPO MACHO- HEMBRA  5DB LC/UPC SM'),
(6699, 'ALARMA DE PUERTA'),
(6700, 'PATCH CORD TERA CAT5E 10/100BASE-T, DE 2 PARES Y CONECTOR MODULAR, LS0H, COLOR BLANCO, 2 METROS'),
(6701, 'PATCH CORD TERAB1PR TO RJ11 CABLE ASSY 3M WHT JKT BLANCO BOOT USOC LSOH'),
(6702, 'PROBADOR DE TOMA ELECTRICA'),
(6704, 'IMPRESORA TMU-950 EPSON'),
(6707, 'CABLE ELECTRICO CONCENTR 4X10 EXTRAFLEX'),
(6709, 'SYL. MOV. SOBTRTO 360 130V 6MT'),
(6710, 'INTERRUPTOR SIMPLE MAVIJU'),
(6711, 'BOQUILLA PLAFON DE PORCELANA E27'),
(6714, 'TERMINAL TIPO OJO 8AWG 8MM'),
(6715, 'CINTA EMBALAJE 80YDS'),
(6716, 'PILA ALKALINA 2A'),
(6717, 'PILA ALKALINA 3A (1 PAR)'),
(6718, 'PEGA SUPER BONDER 3GR (BRUJITA)'),
(6721, 'CABLE ELECTRICO CONCENTR 3X14 THHN 600V 90'),
(6722, 'CABLE NEXXT UTP CAT 5E GRIS'),
(6732, 'PATCH CORD CAT6 3FT AZUL NEXXT'),
(6734, '\"MANGA FLEXIBLE S/A 8\"\" 7.62M\"'),
(6735, 'ESFEROS REDINCO'),
(6736, 'PATCH CORD CAT6A 15FT AZUL QUEST'),
(6737, 'FACE PLATE SIMPLE CONNECTION'),
(6738, 'FACE PLATE 4P CONNECTION'),
(6739, 'TAPAS CIEGAS PARA CAJA ANTI EXPLOSION'),
(6740, 'TOMACORRIENTE MIXTO VETO (DATOS, ELECTRICO)'),
(6741, 'ADAPTADOR 12V 2A'),
(6742, 'ADAPTADOR USB A PARALELO'),
(6743, 'ADAPTADOR USB A SERIAL'),
(6744, 'BALUM HD VIDEO UTP 1P'),
(6745, 'BISEL 10X10'),
(6747, 'EXIR MINI BULLET NETWORK CAMERA H.265+'),
(6748, 'FACE PLATE 1P INDUSTRIAL SIEMON'),
(6750, 'FIBER RUNNER DERIVACION T FRFWC4X4YL PANDUIT'),
(6751, 'FIBER RUNNER PASA CABLE FRIDT4X4YL PANDUIT'),
(6752, 'FIBER RUNNER TAPA FINAL FRSPJC44YL PANDUIT'),
(6754, 'FUENTE APC SMART UPS SRT 8K'),
(6755, 'TECLADO/MOUSE KIT PN 631341-B21 HPE USB US'),
(6756, 'JACK CAT6A F/UTP INDUSTRIAL SIEMON'),
(6757, 'PATCH CORD CAT6A S/FTP 7FT INDUSTRIAL SIEMON'),
(6758, 'PATCH CORD TERA RJ11 2M SIEMON'),
(6759, 'TARJETA DE RED EATON NETWORK M2 GIGABIT ETHERNET - MFG ID: 744-A3983'),
(6760, 'TARJETA DE RED HPE 1GB 2P 332T PN 615732-B21'),
(6764, 'AUDIFONOS F9'),
(6767, 'MOUSE ERGONOMICO WIRELESS'),
(6771, 'BATERIAS SELLADAS 12V - 12 AH'),
(6773, '\"ORGANIZADOR SIMPLE 80X80 19\"\" 2UR CONNECTION\"'),
(6774, '\"BANDEJA SIMPLE 19\"\" 1UR CONNECTION\"'),
(6775, 'UPS 3KVA-120V FP.1 POWEREX'),
(6776, 'CAJA TERMICA 2F 12E QOL-12 240/120'),
(6778, 'BREAKER 2X32A 120/240V ENCHUFABLE'),
(6779, 'BREAK 1*20 A. QO-120VS 120/240V SQUARE D'),
(6782, 'BREAKER PARA RIEL DIN  2X20A'),
(6783, 'CABLE  ELECTRICO FLEX  #12 600V NEGRO'),
(6784, 'CABLE ELECTRICO SUPERFLEX #12 600V BLANCO'),
(6785, 'CABLE ELECTRICO SUPER FLEX #12 600V VERDE'),
(6786, 'CABLE ELECTRICO SUPER FLEX #12 90? 600V ROJO'),
(6796, 'UBIQUITI UNIFI UAP-AC-PRO ACCESS POINT DUAL'),
(6797, 'PLACA CIEGA BLANCA VIVE'),
(6798, 'CABLE MICROFONO ESTEREO 6.8 MMX 100M'),
(6806, 'TORNILLO COLEPATO 1/2 X 8 NIQUELADO'),
(6808, 'TORNILLO AUTOPERFOR # 8 X 1/2 CABEZA ANCHA'),
(6809, 'TORNILLO NEGRO 1 1/4 X 8 RGP/AGLOMERADO'),
(6810, 'TECLADO LENOVO MODEL:CS13T85 FRU P/N: 00HW849'),
(6811, '\"ABRAZADERA CONDUIT 2 ALET 3/4\"\" INDUMA\"'),
(6812, 'TACO FISHER FL #6'),
(6817, 'FLORECENTE LED 18W L/B SYLVANIA'),
(6824, 'PIGTAIL  SC/UPC MONOMODO'),
(6832, 'DIADEMA BLACKWIRE, C3220 USB-A'),
(6833, 'DISCO SSD 240GB A400 SATA3 2.5 7MM HEIGHT'),
(6844, 'JACK CAT6 SIEMON BLANCO'),
(6847, 'XMART  BATERIA XMB-12-4.5 X VRLA-AGM'),
(6849, 'GABINETE 12UR 600X450X635 MC CONNECTION'),
(6856, 'BREAK 1*32 A QO-132VS 120/240V SQUARE D'),
(6857, 'CAJA TERMICA 2F 4E QOL-4 240/120 100A.'),
(6861, '\"ABRAZADERA CONDUIT 1 ALETA 3/4\"\" INDUMA\"'),
(6865, 'ESTABILIZADOR ELECTRICO VOLTAJE REF. COPYLINE 3000'),
(6870, 'ETIQUETADORA M210'),
(6877, 'CABLE ELECTRICO THHN FLEX 10 90? 600V NEGRO INCABLE'),
(6878, 'CABLE ELECTRICO THHN FLEX 10 90? 600V BLANCO INCABLE'),
(6879, 'CABLE ELECTRICO THHN FLEX 10 90? 600V VERDE INCABLE'),
(6884, 'VENTILADOR DE PORTATIL 5 VENTILADORES LUZ'),
(6885, 'MOUSE ANERA ERGONOMICO PARA ZURDO'),
(6894, 'MBO ZEBION H610 12VA LGA1700 DDR4-3200 VID SON HDMI M.2'),
(6902, 'JACK CAT 6 NEXXT AZUL'),
(6905, 'CABLE CAT6 AZUL NEXXT'),
(6906, 'PATCH CORD CAT6 7FT NEXXT AZUL'),
(6909, 'CABLE CAT6 AZUL PANDUIT'),
(6914, 'MOUSE HP COMFORT GRIP WIRELESS'),
(6916, 'ALMOHADA MASAJEADORA PARA CUELLO'),
(6919, 'TRIPODE GENIUS 25.1CM PARA WEBCAM'),
(6921, 'ADAPTADOR USB 3.0 A VGA'),
(6922, 'CABLE TYPE C 3 EN 1  HDMI+USB+TYPEC'),
(6923, 'CABLE ADAPTADOR TYPE C A HDMI+VGA'),
(6926, 'LOCALIZADOR APPLE AIRTAG'),
(6928, 'LC/PC-LC/PC-OM4-DX 1M PVC'),
(6929, 'LC/PC-LC/PC-OM5-DX 2M PVC'),
(6930, 'LC/PC-LC/PC-OM5-DX 10M PVC'),
(6931, 'LC/PC-LC/PC-OM5-DX 15M PVC'),
(6932, 'LC/PC-LC/PC-OM5-DX 20M PVC'),
(6934, 'AUD?FONOS IROMAN BLANCO PIOSEE3MW'),
(6935, 'BATERIA SELLADA 12V-80AH'),
(6936, 'BANDA DE RESISTENCIA'),
(6938, '\"CINTA NEGRA 2\"\" 50M EVERWELL\"'),
(6940, 'CHANEL 4CM X 4CM'),
(6945, 'BEAUC.BLOQUEO MECANICO FRAME  50-100 I-0231'),
(6946, 'BREAK C/M 2*40A. 30KA EZC100H2040*'),
(6948, 'LUZ PILOTO LED 22MM 220V AC/DC ROJA AD1622D'),
(6949, 'LUZ PILOTO LED 22MM 220V AC/DC VERDE AD1622'),
(6951, 'CINTA PARA ETIQUETADORA LA-4WBN BLANCA 12MM 9 METROS'),
(6954, 'NEMA L530R PARA CABLE'),
(6955, 'FACE PLATE DOBLE PANDUIT NETKEY'),
(6956, 'FACE PLATE SIMPLE PANDUIT PAN-NET'),
(6957, 'CASSETTE PORTA FIBRAS'),
(6958, 'REGLETA 110'),
(6959, 'PATCH CORD CAT5 E 7FT ETL'),
(6960, 'PATCH PANEL 24 PUERTOS CAT5 E NEXXT SOLIDO'),
(6961, 'CABLE COAXIAL 75 OHMS'),
(6962, 'MINDBOARD PARA CPU LENOVO THINK CENTRE M58'),
(6963, 'CABLE UTP LINXCON CAT6'),
(6964, 'ADAPTADOR ANTENA'),
(6965, 'CONECTOR CAT6A SHIELDED MODULAR'),
(6966, 'ADAPTADOR SC - SC DUPLEX MM'),
(6967, 'CONECTOR LC AZUL SM (VARIAS PARTES)'),
(6968, '\"CONECTOR ROMEX  1/2\"\"\"'),
(6969, '\"ABRAZADERA DE PUNTAL 1/2\"\"\"'),
(6970, '\"ABRAZADERA DE PUNTAL 1\"\"\"'),
(6971, '\"ABRAZADERA REAJUSTABLE 1\"\"\"'),
(6972, '\"ABRAZADERA REAJUSTABLE 1/2\"\"\"'),
(6973, '\"CONECTOR BX FUNDA 1 1/4\"\"\"'),
(6974, '\"MANGA FLEXIBLE AISLADA PARA DUCTO DE 8\"\"\"'),
(6975, 'CAJA IP65 300X250X120'),
(6976, 'CABLE ELECTRICO THHN FLEX #10 90? 600V ROJO (INCABLE)'),
(6977, 'CABLE ELECTRICO THHN FLEX #12 90? 600V AZUL (INCABLE)'),
(6978, 'CABLE ELECTRICO N. 14 ROJO'),
(6979, 'TAPA CIEGA METALICA RECTANGULAR'),
(6980, 'DISCO DURO 600GB HP'),
(6981, 'CAJETIN REDONDO PEQUE?O'),
(6982, 'CAJA PLASTICA DE PASO 8.5 X 8.5 CUADRADA'),
(6983, 'CAJA PLASTICA IP 15X15'),
(6984, 'BREAKER 2X40 SCHNEIDER CAJA MOLDEADA'),
(6986, 'BREAKER 1X32 SCHNEIDER ENCHUFABLE'),
(6987, 'BREAKER 1X50 SQUARE D RIEL DYN'),
(6988, 'BREAKER GENERAL ELECTRIC 2X40 ENCHUFABLE'),
(6989, 'BREAKER GENERAL ELECTRIC 1X30 ENCHUFABLE'),
(6990, 'TERMINALES DE CONECCION PARA CAMARAS ANALOGICAS'),
(6991, 'ADAPTADOR DE PODER TECLAM 12V 1.25 A'),
(6992, 'JUEGO PARA CHAPA MAGNETICA (4 PIEZAS)'),
(6993, 'CONECTOR MACHO TYPE F PARA CABLE RG59'),
(6994, 'TAPA PARA CAJA DE PASO 15X15'),
(6995, 'SCANER KODAK S250'),
(6996, 'TOMACORRIENTE BLANCO 6-15R'),
(6997, 'TOMACORRIENTE 125/250V NEMA 10-20R'),
(6998, 'TOMACORRIENTE SIMPLE REDONDO RR151I'),
(6999, 'CAMARA ANALOGICA TURBO HD'),
(7000, 'CARGADOR DE LAPTOP DELL'),
(7001, 'UNION DE CANALETA TIPO BANDEJA 20X5.5'),
(7002, 'VENTILADOR PARA UPS 60X60X15'),
(7003, 'BATERIA DELL M5Y1K  40WH 14.8V LAPTOP DELL X PROBAR'),
(7004, 'ASPIRADORA PARA AUTO'),
(7005, 'POE ADAPTER TL-POE4824G'),
(7006, 'CONSOLA PROFESIONAL MIXING'),
(7007, 'CLABIJAS 32 AMP'),
(7008, '\"FILTRO DESIDRATADOR 3/8\"\" SOLDABLE 4,5 TONELADAS\"'),
(7009, 'MOUSE LENOVO ALAMBRICO'),
(7010, 'DISCO HP 4 TB SATA DS 7.2K  862133 SATA DS 4TB 7,2K'),
(7011, 'PARTE SFP - 10G-SE-S PROBAR'),
(7012, 'ADAPTADOR HP 45W 19.5V-2.31A  L-25296-001'),
(7013, 'SFP CISCO GLC-TE 1000BASE-T'),
(7014, 'DISCO HP 450 GB SAS 15 K 653951 - 001'),
(7015, 'MULTITOMA PARA MESA DE REUNIONES'),
(7016, 'SOPOTE PARA CONDENSADORA'),
(7017, 'MEMORIA SODIMM 8GB 1RX16 PC 3200'),
(7018, 'MEMORIA SODIMM 4GB 1RX8 PC 3200'),
(7020, 'CISCO SPA 122 ATA WID ROUTER'),
(7021, 'SENSOR DE MOVIMIENTO'),
(7022, 'FAN HPE 654752-001'),
(7023, 'HEADSEAT 500 BLUE TOOTH'),
(7024, 'HP 235 WIRELESS MOUSE AND TECLADO COMBO'),
(7025, 'OJO DE DRAGON'),
(7026, 'MEMORIA SERVIDOR 4X70F28590 16GB 2RX4 PC4-2133P'),
(7027, 'DISCO SSD 512 GB M.2 2210 NVME GEN3 X4'),
(7029, 'DISCO  DURO TOSHIBA 500GB'),
(7030, 'PATCH CORD COMMSCOPE 10FT'),
(7032, 'ADAPTADOR PARA ASUS CA FUENTE DE ALIMENTACI?N ADP-40KD BB 19W'),
(7035, 'BARRA DE TIERRA PARA ARMAR TABLERO'),
(7036, 'MODULO DE FIBRA-TRANSEIVER COMPRADO PARA SIGMA'),
(7037, 'ACCESS POINT LINKSYS LAPAC1300C'),
(7038, 'CABLE ELECTRICO SUCRE 3X8'),
(7039, 'UPS POWEST 750VAC'),
(7040, 'CABLE ELECTRICO N. 14 BLANCO'),
(7042, 'TRANCEIVER ARUBA J9150D SFP+ 10G LC SR  MULTIMODO M'),
(7043, 'SOLDADURA DE PLATA 15% (VARILLA)'),
(7044, 'DISCO DE CORTE METAL PEQUE?O'),
(7045, '\"DOBLADORA TUBO EMT 1/2\"\"\"'),
(7046, 'BATERIA ALKALINA 9V ENERGIZER'),
(7047, 'SPRAY WD 40  11ONZ'),
(7048, 'FULMINANTE VERDE TIRO - TIRO CAL.22'),
(7049, '\"CLAVO IMPACTO 1\"\"\"'),
(7055, 'UPS 6KVAS BIF?SICO'),
(7056, 'UPS POWEST TITAN 2KVA 120VAC'),
(7057, 'UPS POWEST 1KVA ON LINE TITAN 120 VAC'),
(7059, '\"TACOS PARA GYPSUM 1/2\"\"\"'),
(7060, 'CABLE ELECTRICO SUPERFLEX # 2 AWG'),
(7063, 'CABLE PARA BANCO EXTERNO DE BATER?AS PARA UPS'),
(7064, 'BATERIAS FULI 12V55AMPS'),
(7065, 'INVERSOR SOLAR ALL IN ONE 6KVA ON-GRID'),
(7067, 'BREAK P/RIEL 2*63 230 VAC MAVIJU'),
(7074, 'GENERADOR DE 35KVA?S\r'),
(7078, 'BREAKER  2*80A. 30KA'),
(7080, 'CAJA TERMICA 3F 12E QOL-412 240/120 125A SCHNEIDER'),
(7081, 'GABINETE PESADO 60*60*20 I-0319 IP64 BEAUCORP'),
(7082, 'CABLE CAT6 PANDUIT GRIS'),
(7083, 'PROTECTOR DE VOLTAJE 120VAC REF ARIMATIC'),
(7090, 'BREAKER CAJA MOLDEADA DE  50A 3POLOS'),
(7092, 'CONECTOR HEMBRA 220V - CHINO'),
(7093, 'TUBERIA FLEXIBLE DE COBRE 5/8 (ROLLO 15M)'),
(7098, '\"FILTRO DESHIDRATADOR 1/4\"\" SOLDABLE 2 TONELADAS  XXXXXXXXXXXXX\"'),
(7099, '\"RUBATEX 3/8\"\"X1/2\"\" (2 METROS)\"'),
(7100, 'REFRIGERANTE 410 A (TANQUE 25LB)'),
(7101, 'VARILLA DE SUELDA  AL 15%'),
(7105, 'KALYPEGA PVC 1/8'),
(7106, 'BOMBA DE CONDENSADO A 220 VAC (MANGUERA 3/8 + 10M X BOMBA)'),
(7107, 'MANGUERA TRANSPARENTE 3/8'),
(7108, 'CINTA METALICA HILTI (ROLLO 10 METROS)'),
(7109, 'TERMINALES EN U CABLE 14-16 AZULES'),
(7110, 'TERMINALES EN U CABLE 10-12 AMARILLO'),
(7115, '\"MANGUERA BX 1  1/2\"\"\"'),
(7116, '\"CONECTOR  PARA BX 1  1/2\"\"\"'),
(7119, 'TERMOENCOGIBLE DE 6-3MM 10AWG'),
(7120, 'TERMOCONTRAIBLE DE 10MM'),
(7122, 'TUBO TERMOCONTRAIBLE 10-5MM 6 AWG'),
(7126, 'CINTA RUBATEX'),
(7127, '\"FUNDA BX 1\"\"\"'),
(7128, 'BREAKER CAJA MOLDEADA 2X75A'),
(7129, 'RACK DE BATERIAS 110X54X91'),
(7138, '\"ORGANIZADOR VERTICAL SIMPLE 80X80 48\"\" BEAUCOUP\"'),
(7144, 'ENCHUFE 15A 125V L/T PVC AMARILLO'),
(7146, 'TOMACORRIENTE 220V TIPO CHINO'),
(7150, 'TERMINAL DE COMPRESION PARA CABLE N.1/0 AWG SC50-10'),
(7151, 'TERMINAL DE COMPRESION PARA CABLE N.2AWG'),
(7165, 'MULTITOMA 6 PUERTOS VETO'),
(7167, 'CABLE KVM 4.5M'),
(7172, 'BUSHING METALICADO ROSCADO DE 1/2 A 3/8'),
(7188, 'PERMATEX'),
(7190, 'TEFLON AMARILLO 3/4'),
(7193, 'BASES ADHESIVAS PLASTICAS CUADRADAS'),
(7194, 'PDU TRIPPLITE B?SICA, 30A, 20 SALIDAS (16 C13 Y 4 C19), 200/2'),
(7196, 'CABLE CAT6A NEXXT GRIS'),
(7202, 'TERMINAL DE COMPRESION # 16-6'),
(7204, 'TERMOCONTRAIBLE DE 19 MM'),
(7206, 'CUADERNOS REDINCO'),
(7207, 'TERMINAL PUNTERA N.18 AMARILLO'),
(7208, '\"ABRAZADERA PARA CHANEL 3\"\"\"'),
(7210, 'CARGADOR AUTOMATICO DE BATERIAS 2400 W 240VDC'),
(7212, 'JACK CAT6 PANDUIT NETKEY NEGRO'),
(7213, 'UPS ON-LINE 6KVA TIPO RACK / TORRE VERTIV'),
(7216, 'INTERRUPTOR DOBLE MAVIJU'),
(7217, 'INTERRUPTOR TRIPLE MAVIJU'),
(7219, 'LAMPARA DE SALIDA'),
(7224, '\"CAJAS CONDULET TIPO T 3/4\"\"\"'),
(7233, 'SENSOR DE VIBRACI?N (MARCA DSC) SS-102'),
(7238, 'CONTACTO MAGN?TICO ADHESIVO BLANCO L-2WH'),
(7245, 'BREAKER 2X40 PARA RIEL DIN'),
(7247, 'RIEL DIN PERFORADO X 1M'),
(7257, 'TERMINAL PUNTERA CABLE #12'),
(7258, 'TERMINALES PUNTERA CABLE #10'),
(7261, 'CERRADURA ELECTROMAGNETICA 600LB 28DKG TECLAM EL280-2'),
(7265, 'AISLADORES PARA BARRA DE COBRE DE 100A'),
(7268, 'UPS TITAN 1KVA 220VAC ONLINE TORRE'),
(7272, 'CONTACTOR DE 3 POLOS 50A BOBINA 220VAC'),
(7275, 'TRABA METALICA PARA CONTACTORES'),
(7278, 'UPS TITAN 3KVA 220VAC'),
(7282, 'TUBO TERMOC. 16-8MM'),
(7284, 'TECLADO LOGITECH? MEDIA COMBO MK200 (LAT MX)'),
(7288, 'RESISTENCIA DE 560 OHMIOS (VERDE AZUL ROJO) DE 1/2 W PARA'),
(7290, 'CAJA PARA EXTERIOR IP65 (117X110X83)'),
(7291, 'BORNERA PARA RIEL DIN 16-6 AWG 600V'),
(7292, 'TOPE FINAL PARA BORNERA RIEL DING LEXO'),
(7294, 'CANALETA RANURADA DE 100X100 MM'),
(7299, '\"AISLADORES TIPO ESCALERA 4P 21 MM 3/4\"\" ANCHO\"'),
(7306, 'UPS EZ POWER 750VA 375W 8 TOMAS 120V'),
(7307, 'PROTECTOR EL?CTRICO SEP 200 TVSS'),
(7308, '\"PERNOS CADMIADOS DE 5/16\"\"X1/2\"\"\"'),
(7309, 'RELAY ENCAPSULADO CON BOBINA 110VAC'),
(7310, 'TIJERA CORTE DERECHO'),
(7311, 'TIJERA CORTE RECTO'),
(7312, 'TIJERA CORTE IZQUIERDO'),
(7313, 'CARRETILLA INDUSTRIAL MULTIUSO 200KG'),
(7314, 'BARRA DE SILICON 8MMX30CM'),
(7320, 'UPS POWEST TITAN 10KVA ONLINE BIFASICO 220VAC'),
(7322, 'RELAY 8 PINES 12 VDC 7 AMP 2NC 2NA (CAMS)'),
(7328, 'AP MOUNT BRACKET INDIVIDUAL AP-MNT-D (ARUBA R3J18A)'),
(7339, 'CANALETA RANURADA 60X40'),
(7343, 'CAJA DEXXON 40MM BLANCA DXN10141'),
(7344, 'CANALETA 40X25 BLANCA S/D S/A DEXSON DXN10141'),
(7349, 'PROTECTOR DE VOLTAJE 120 VAC-10AMP MULTIMATIC'),
(7350, 'PROTECTOR DE VOLTAJE 120V LAVOMATIC NPRLAV-7258'),
(7351, 'PROTECTOR DE VOLTAJE 120V REFRIMATIC NPRREF-7281'),
(7355, 'PATCH PANNEL 24PTOS MODULAR ANGULAR PANDUIT PANNET CPA24BLY'),
(7358, 'GABINETE RACK METALICO PARA BANCO EXTERNO DE BATERIAS'),
(7359, 'AIRE ACONDICIONADO DE 2400 BTU LENOX'),
(7364, 'LCD COVER CASE'),
(7366, 'MANGUERA LED PLANA DELGADA 110V WHITE'),
(7367, 'CABLE CAT6A AZUL SIEMON'),
(7368, '\"CORTAFRIO 6\"\"\"'),
(7375, 'PATCH CORD CAT.6A PANDUIT PANNET  2M AZUL'),
(7378, 'UPS CDP R-UPR1008 INTERACTIVO 1000VA-500W / 110'),
(7380, 'PATCH CORD UTP CAT.6 GRIS 10FT 28 AWG ULTRADELGADO SIEMON'),
(7389, 'CHAMPION GENERADOR PORTATIL ENCENDIDO ELECTRICO 9375W ARRANQW'),
(7402, 'MANOMETRO BAJA R-22 R-410A'),
(7404, '\"LIMA PLANA 8\"\" INGCO\"'),
(7405, 'UPS ONLINE 1KVA - 120V POWEREX'),
(7406, 'UPS ONLINE 2KVA - 120V POWEREX'),
(7412, 'TRIPODE PARA CELULAR GIRATORIO CON BATERIA RECARGABLE'),
(7414, 'PARLANTE RETRO HM11'),
(7418, 'EXTENCION DE GARANTIA ONSITE UPGRADE FROM 1Y DEPOT/CCI'),
(7421, 'BATERIA DELL 4C 52WH GJD1V TYPE NF2MW'),
(7442, 'TRANSCEIVER IMPORTADOS'),
(7445, 'AMAZON ECHO POP 1ST GENERATION LAVENDER BLOOM - ALEXA'),
(7446, '\"MANOMETRO 4000 PSI 2\"\"\"'),
(7449, 'MOCHILA LENOVO 15.6INCH / 4X40T84059'),
(7455, 'FUNDA TACO NYLON 14.5 X 42MM P/GYPSUM- FDA (200UND)'),
(7456, 'UPS INTERACTIVA 2000VAC MICRONET POWEST'),
(7457, 'NIQUELINA / RESISTENCIA HORNO COCINA GENERAL ELECTRIC'),
(7458, 'TERMINAL ALAMBRE HEMBRA PLANO'),
(7461, 'PRESENTADOR LOGITECH INALAMBRICO R400 2,4 GHZ 31.40-15MTS ALE'),
(7462, 'CARGADOR LENOVO 20V 15V 12V  5V  /2A / 2.25A/45W PLUG TIPO CD'),
(7463, 'SFP CISCO GLC-LH-SM 1000BASE-LX/LH 1310NM'),
(7464, 'TRANSCEIVER CISCO X2-10GB-LR 10GBASE-LR X2'),
(7475, 'SWITCH ION 1930 24G POE+  195W  4SFP+ (ARUBA JL683A)'),
(7476, 'SWITCH ION 1930 8G POE+ 124W 2SFP (ARUBA JL681A)'),
(7479, 'REGULADOR VOLTAJE TRIPP LITE LC2400 2400W / 120V / 6 SALIDAS'),
(7480, 'ELEVA MONITOR 1203'),
(7482, 'MONITOR LG LED 32INC. QHD IPS HDR10 2HDMI DP WITH AMD FREESY'),
(7504, 'PATCH CORD CAT.6A GRIS 25FT MARCA QUEST'),
(7750, 'BATERIA DELL TYPE 93FTF'),
(5745, 'PATCH CORD CAT6 3FT CONNECTION'),
(4844, 'MI NUEVO CARGADOR'),
(1000000, '---'),
(1000001, 'xavier'),
(1000002, 'cable para internet wireless'),
(1000003, 'Hanillos'),
(1000004, 'perno 5/16');

-- --------------------------------------------------------

--
-- Estructura de tabla para la tabla `materialesproyecto`
--

CREATE TABLE `materialesproyecto` (
  `id` int(11) NOT NULL,
  `idProyecto` int(11) DEFAULT NULL,
  `codigoMaterial` int(11) DEFAULT NULL,
  `fecha` timestamp NOT NULL DEFAULT current_timestamp(),
  `codigo` bigint(20) DEFAULT NULL
) ENGINE=InnoDB DEFAULT CHARSET=utf8mb4 COLLATE=utf8mb4_general_ci;

--
-- Volcado de datos para la tabla `materialesproyecto`
--

INSERT INTO `materialesproyecto` (`id`, `idProyecto`, `codigoMaterial`, `fecha`, `codigo`) VALUES
(299, 95, 5001, '2024-03-04 16:00:25', NULL),
(300, 95, 5052, '2024-03-04 16:00:25', NULL),
(301, 95, 5208, '2024-03-04 16:00:25', NULL),
(302, 95, 5360, '2024-03-04 16:00:25', NULL),
(303, 95, 6284, '2024-03-04 16:00:25', NULL),
(304, 95, 1000001, '2024-03-04 16:01:46', NULL),
(305, 95, 1000002, '2024-03-04 16:02:18', NULL),
(306, 96, 5001, '2024-03-04 21:06:42', NULL),
(307, 96, 5002, '2024-03-04 21:06:42', NULL),
(308, 96, 5303, '2024-03-04 21:06:42', NULL),
(309, 96, 5304, '2024-03-04 21:06:42', NULL),
(310, 96, 5305, '2024-03-04 21:06:42', NULL),
(311, 96, 5982, '2024-03-04 21:06:42', NULL),
(312, 96, 5020, '2024-03-04 21:10:45', NULL),
(313, 96, 1000003, '2024-03-04 21:12:22', NULL),
(314, 97, 5009, '2024-03-04 21:32:13', NULL),
(315, 97, 5012, '2024-03-04 21:32:13', NULL),
(316, 97, 5035, '2024-03-04 21:32:13', NULL),
(317, 97, 5984, '2024-03-04 21:33:22', NULL),
(318, 97, 5012, '2024-03-04 21:33:50', NULL),
(319, 97, 5122, '2024-03-04 21:36:08', NULL),
(320, 97, 5124, '2024-03-04 21:36:08', NULL),
(321, 97, 6266, '2024-03-04 21:36:08', NULL),
(322, 97, 5001, '2024-03-04 21:36:20', NULL),
(323, 97, 5002, '2024-03-04 21:36:20', NULL),
(324, 97, 5003, '2024-03-04 21:36:20', NULL),
(325, 97, 5004, '2024-03-04 21:36:20', NULL),
(326, 97, 5005, '2024-03-04 21:36:20', NULL),
(327, 97, 5006, '2024-03-04 21:36:20', NULL),
(328, 97, 5007, '2024-03-04 21:36:20', NULL),
(329, 97, 5008, '2024-03-04 21:36:20', NULL),
(330, 97, 5009, '2024-03-04 21:36:20', NULL),
(331, 97, 5001, '2024-03-04 21:36:59', NULL),
(332, 97, 5002, '2024-03-04 21:36:59', NULL),
(333, 97, 5003, '2024-03-04 21:36:59', NULL),
(334, 97, 5004, '2024-03-04 21:36:59', NULL),
(335, 97, 5005, '2024-03-04 21:36:59', NULL),
(336, 97, 5001, '2024-03-04 22:01:06', NULL),
(337, 97, 5001, '2024-03-04 22:01:06', NULL),
(338, 97, 5001, '2024-03-04 22:01:32', NULL),
(339, 98, 5001, '2024-03-06 22:02:46', NULL),
(340, 98, 5002, '2024-03-06 22:02:46', NULL),
(341, 98, 5295, '2024-03-06 22:02:46', NULL),
(342, 98, 5359, '2024-03-06 22:02:46', NULL),
(343, 99, 5003, '2024-03-08 22:38:02', NULL),
(344, 99, 5005, '2024-03-08 22:38:02', NULL),
(345, 99, 5296, '2024-03-08 22:38:02', NULL),
(346, 99, 5359, '2024-03-08 22:38:02', NULL),
(347, 100, 5001, '2024-03-18 21:36:54', NULL),
(348, 100, 5295, '2024-03-18 21:36:54', NULL),
(349, 100, 7100, '2024-03-18 21:36:54', NULL),
(350, 102, 1000004, '2024-03-18 23:32:22', NULL);

-- --------------------------------------------------------

--
-- Estructura de tabla para la tabla `nuevo_material`
--

CREATE TABLE `nuevo_material` (
  `id` int(11) NOT NULL,
  `nombre_material` varchar(100) NOT NULL,
  `codigo` varchar(100) NOT NULL
) ENGINE=InnoDB DEFAULT CHARSET=utf8mb4 COLLATE=utf8mb4_general_ci;

-- --------------------------------------------------------

--
-- Estructura de tabla para la tabla `proyecto`
--

CREATE TABLE `proyecto` (
  `id` int(11) NOT NULL,
  `nombre` varchar(255) NOT NULL,
  `descripcion` varchar(255) DEFAULT NULL,
  `usuario_id` int(11) DEFAULT NULL
) ENGINE=InnoDB DEFAULT CHARSET=utf8mb4 COLLATE=utf8mb4_general_ci;

--
-- Volcado de datos para la tabla `proyecto`
--

INSERT INTO `proyecto` (`id`, `nombre`, `descripcion`, `usuario_id`) VALUES
(95, 'PRUEBA 1', 'PROYECTO DE PRUEBA', 1),
(96, 'Incendios SAC', 'Solicitud de materiales para Incendios de SAC Pelileo', 2),
(97, 'Incendios SAC', 'complemento del primer', 2),
(98, 'Si', 'Inspección ', 1),
(99, 'prueba fabi', 'inspecccio', 1),
(100, 'Sac PELILEO ', 'Seguridad electrónica ', 1),
(101, 'Sac PELILEO ', 'Seguridad electrónica ', 1),
(102, 'sac', 'aires ghhhh', 1);

-- --------------------------------------------------------

--
-- Estructura de tabla para la tabla `usuarios`
--

CREATE TABLE `usuarios` (
  `id` int(11) NOT NULL,
  `nombre` varchar(255) NOT NULL,
  `usuario` varchar(255) NOT NULL,
  `contrasena` varchar(255) NOT NULL,
  `rol` varchar(255) DEFAULT NULL
) ENGINE=InnoDB DEFAULT CHARSET=utf8mb4 COLLATE=utf8mb4_general_ci;

--
-- Volcado de datos para la tabla `usuarios`
--

INSERT INTO `usuarios` (`id`, `nombre`, `usuario`, `contrasena`, `rol`) VALUES
(1, 'Administrador', 'admin', 'admin', 'admin'),
(2, 'Ariel Ramirez', 'ariel', 'ramirez', 'usuario');

--
-- Índices para tablas volcadas
--

--
-- Indices de la tabla `detalle`
--
ALTER TABLE `detalle`
  ADD PRIMARY KEY (`id`),
  ADD KEY `idProyecto` (`idProyecto`),
  ADD KEY `codigoMaterial` (`codigoMaterial`);

--
-- Indices de la tabla `materiales`
--
ALTER TABLE `materiales`
  ADD KEY `idx_codigo` (`codigo`);

--
-- Indices de la tabla `materialesproyecto`
--
ALTER TABLE `materialesproyecto`
  ADD PRIMARY KEY (`id`),
  ADD KEY `idProyecto` (`idProyecto`),
  ADD KEY `codigoMaterial` (`codigoMaterial`),
  ADD KEY `fk_material` (`codigo`);

--
-- Indices de la tabla `nuevo_material`
--
ALTER TABLE `nuevo_material`
  ADD PRIMARY KEY (`id`);

--
-- Indices de la tabla `proyecto`
--
ALTER TABLE `proyecto`
  ADD PRIMARY KEY (`id`),
  ADD KEY `fk_usuario` (`usuario_id`);

--
-- Indices de la tabla `usuarios`
--
ALTER TABLE `usuarios`
  ADD PRIMARY KEY (`id`);

--
-- AUTO_INCREMENT de las tablas volcadas
--

--
-- AUTO_INCREMENT de la tabla `detalle`
--
ALTER TABLE `detalle`
  MODIFY `id` int(11) NOT NULL AUTO_INCREMENT, AUTO_INCREMENT=247;

--
-- AUTO_INCREMENT de la tabla `materialesproyecto`
--
ALTER TABLE `materialesproyecto`
  MODIFY `id` int(11) NOT NULL AUTO_INCREMENT, AUTO_INCREMENT=351;

--
-- AUTO_INCREMENT de la tabla `nuevo_material`
--
ALTER TABLE `nuevo_material`
  MODIFY `id` int(11) NOT NULL AUTO_INCREMENT, AUTO_INCREMENT=3;

--
-- AUTO_INCREMENT de la tabla `proyecto`
--
ALTER TABLE `proyecto`
  MODIFY `id` int(11) NOT NULL AUTO_INCREMENT, AUTO_INCREMENT=103;

--
-- AUTO_INCREMENT de la tabla `usuarios`
--
ALTER TABLE `usuarios`
  MODIFY `id` int(11) NOT NULL AUTO_INCREMENT, AUTO_INCREMENT=3;
--
-- Restricciones para tablas volcadas
--

--
-- Filtros para la tabla `detalle`
--
ALTER TABLE `detalle`
  ADD CONSTRAINT `detalle_ibfk_1` FOREIGN KEY (`idProyecto`) REFERENCES `proyecto` (`id`);

--
-- Filtros para la tabla `materialesproyecto`
--
ALTER TABLE `materialesproyecto`
  ADD CONSTRAINT `fk_material` FOREIGN KEY (`codigo`) REFERENCES `materiales` (`codigo`),
  ADD CONSTRAINT `materialesproyecto_ibfk_1` FOREIGN KEY (`idProyecto`) REFERENCES `proyecto` (`id`);

--
-- Filtros para la tabla `proyecto`
--
ALTER TABLE `proyecto`
  ADD CONSTRAINT `fk_usuario` FOREIGN KEY (`usuario_id`) REFERENCES `usuarios` (`id`);
COMMIT;

/*!40101 SET CHARACTER_SET_CLIENT=@OLD_CHARACTER_SET_CLIENT */;
/*!40101 SET CHARACTER_SET_RESULTS=@OLD_CHARACTER_SET_RESULTS */;
/*!40101 SET COLLATION_CONNECTION=@OLD_COLLATION_CONNECTION */;
